Id;name;dateOfFind;X;Y;type;area;dateOfLi
Id;name;dateOfFind;X;Y;type;area;dateOfLi
657;Захламление;06.05.2024;72.212890625;60.4941673278808;Строительные;5;
728;Захламление;17.05.2024;71.4619140625;60.0600280761718;Бытовые;0;29.07.2024
617;Захламление;24.10.2018;75.4824981689453;61.0114440917968;Промышленные;0;
390;СвалкапоППРФ№542;26.02.2024;61.6461372375488;62.8914184570312;Бытовые;90;29.07.2024
802;Захламление;06.06.2024;64.5676116943359;60.188362121582;Строительные;1300000;
856;Захламление;21.05.2024;60.0913887023925;64.6640853881835;Строительные;4;
379;Захламление;14.12.2023;68.6204147338867;61.0492095947265;Бытовые;0;
538;Захламление;12.09.2023;63.5705490112304;61.3596115112304;Строительные;0,9;21.06.2024
418;СвалкапоППРФ№542;17.04.2023;62.8726005554199;61.2031440734863;Бытовые;10;04.06.2024
512;СвалкапоППРФ№542;09.06.2017;62.762939453125;61.2190208435058;Бытовые;100;09.09.2024
644;Захламление;06.06.2024;72.5899810791015;61.0971183776855;Лесопиление;2;29.07.2024
724;Захламление;06.06.2024;72.6661376953125;61.1091651916503;Бытовые;2;25.07.2024
488;СвалкапоППРФ№542;16.08.2017;63.0429801940917;61.9103202819824;Строительные;30;
443;Захламление;05.09.2023;64.7260284423828;60.1371383666992;Строительные;0,5;
624;Захламление;29.05.2020;76.0718307495117;61.0979309082031;Строительные;50;07.11.2024
399;Захламление;13.09.2023;64.7175521850585;60.1416664123535;Строительные;0,004;
550;СвалкапоППРФ№542;25.10.2022;62.7683792114257;61.1851654052734;Бытовые;200;
507;СвалкапоППРФ№542;01.08.2023;72.595458984375;61.1099205017089;Строительные;40;20.06.2024
777;Захламление;28.05.2024;65.9097518920898;59.5817222595214;Строительные;0,6;
406;Захламление;19.09.2023;64.8093338012695;60.1282234191894;Бытовые;0,1;18.09.2024
689;Захламление;21.05.2024;72.6073608398437;61.0741119384765;Строительные;1;
676;Захламление;11.07.2024;72.8074722290039;61;Бытовые;0,9;
797;Захламление;21.05.2024;60.1143608093261;64.7912216186523;Строительные;2;
463;СвалкапоППРФ№542;06.03.2012;65.9583587646484;59.3431892395019;Строительные;120;12.07.2024
719;Захламление;14.06.2024;72.6529998779296;61.1168327331542;Лесопиление;5;25.07.2024
839;Захламление;21.05.2025;60.1045570373535;64.7486114501953;Строительные;5,5;
641;Захламление;03.06.2024;72.1363372802734;61.5960083007812;Бытовые;260;12.08.2024
605;Захламление;06.09.2023;63.0159606933593;61.9254302978515;Строительные;0;
551;СвалкапоППРФ№542;22.05.2023;62.8621711730957;61.18382;Лесопиление;5;30.08.2024
767;Захламление;28.05.2024;65.8884735107421;59.5900268554687;Строительные;1,5;
398;Захламление;13.09.2023;64.7173080444335;60.1417236328125;Строительные;0,15;
562;Захламление;12.09.2023;64.7330856323242;60.1139183044433;Промышленные;0,9;
462;СвалкапоППРФ№542;23.05.2024;62.8163185119628;61.21146;Лесопиление;2900;
555;Захламление;12.09.2023;64.7308349609375;60.1180572509765;Строительные;0,2;
626;Захламление;21.10.2020;75.4997787475585;60.9963340759277;Строительные;5;
679;Захламление;11.07.2024;72.8164443969726;61.1430549621582;Строительные;0,225;
423;СвалкапоППРФ№542;21.12.2017;62.8539390563964;61.2053413391113;Строительные;90;20.09.2024
786;Захламление;21.05.2024;60.1094436645507;64.8013305664062;Строительные;1;
574;СвалкапоППРФ№542;31.07.2018;76.578269958496;61.0003585815429;Строительные;27,5;05.09.2024
494;СвалкапоППРФ№542;28.05.2014;62.9963989257812;61.9224014282226;Бытовые;370;
414;Захламление;22.05.2024;64.7462463378906;60.1075286865234;Лесопиление;22;
806;Захламление;06.06.2024;64.5456924438476;60.19380569458;Бытовые;30000;
763;СвалкапоППРФ№542;22.10.2024;67045.8125;621610.6875;Бытовые;377;
862;Захламление;21.05.2024;60.1105003356933;64.7039184570312;Бытовые;5;
751;СвалкапоППРФ№542;18.10.2024;64.7236404418945;60.1414718627929;Бытовые;400;
408;Захламление;19.09.2023;64.7910003662109;60.1349449157714;Строительные;1,2;18.09.2024
749;Захламление;13.09.2023;"64°46'54.1""";"60°07'05.2""";Бытовые;2;06.06.2024
816;Захламление;21.05.2024;60.1088333129882;64.8026123046875;Бытовые;5;
477;СвалкапоППРФ№542;01.01.1998;65.9583587646484;59.3431892395019;Строительные;5000;
612;"ЗахламлениеN60°09'18.4""E64°40'24.8""";19.09.2023;64.6735534667968;60.1551094055175;Лесопиление;1;14.06.2024
694;Захламление;17.05.2024;71.4490280151367;60.0566673278808;Бытовые;0;
747;Захламление;20.06.2024;72.5718688964843;61.0953063964843;Строительные;4;08.08.2024
745;Захламление;17.05.2024;71.6977767944335;60.1650009155273;Строительные;0;29.07.2024
468;Захламление;05.09.2023;64.8163299560546;60.1159172058105;Промышленные;0,8;
559;Захламление;31.05.2024;64.732666015625;60.1118049621582;Лесопиление;0,5;
490;СвалкапоППРФ№542;16.08.2017;63.0395317077636;61.9134788513183;Строительные;10;
789;Захламление;21.05.2024;60.1086654663085;64.7990036010742;Промышленные;4;
867;Захламление;01.11.2024;76.72129;60.97696;Строительные;20;
812;Захламление;21.05.2024;60.1087760925292;64.8047256469726;Промышленные;6;
658;Захламление;06.05.2024;72.8470840454101;60.7278900146484;Промышленные;0;
846;Захламление;21.05.2024;60.1101684570312;64.7165832519531;Строительные;1,5;
771;Захламление;28.05.2024;65.9075012207031;59.5922241210937;Строительные;0,8;
684;Захламление;28.05.2024;71.9331970214843;61.0009460449218;Лесопиление;0,6;03.07.2024
775;Захламление;28.05.2024;65.9103088378906;59.5824432373046;Строительные;1,5;
582;СвалкапоППРФ№542;16.10.2023;76.0108337402343;61.1445999145507;Бытовые;200;03.07.2024
489;СвалкапоППРФ№542;16.08.2017;63.0416793823242;61.9145393371582;Строительные;10;30.07.2024
412;Захламление;13.09.2023;64.7458877563476;60.1081657409667;Лесопиление;0,6;
740;Захламление;17.05.2024;71.4705581665039;60.0788879394531;Строительные;0;29.07.2024
521;СвалкапоППРФ№542;07.06.2017;64.0514068603515;61.4785385131835;Строительные;20;28.08.2024
403;Захламление;13.09.2023;64.7172241210937;60.1417770385742;Строительные;0,1;
400;Захламление;13.09.2023;64.7177200317382;60.1417503356933;Лесопиление;0,1;
843;Захламление;21.05.2024;60.1081657409667;64.7338333129882;Бытовые;4;
633;Захламление;13.09.2023;64.8279418945312;60.1254730224609;Бытовые;2;01.11.2024
591;Захламление;24.05.2024;63.5309410095214;61.3440017700195;Бытовые;4;15.07.2024
621;Захламление;01.10.2019;76.9247512817382;60.9901123046875;Строительные;45;
519;СвалкапоППРФ№542;15.06.2016;64.02883;61.47481;Строительные;848;
536;СвалкапоППРФ№542;13.06.2017;62.69038772583;61.1625289916992;Лесопиление;40;
692;Захламление;28.06.2024;72.6436080932617;61.0972213745117;Бытовые;1,5;
811;Захламление;31.05.2024;64.7164154052734;60.1411666870117;Бытовые;2,5;
635;Захламление;13.09.2023;64.7320556640625;60.1121673583984;Строительные;0,9;
656;Захламление;16.05.2024;72.6254196166992;61.1501655578613;Строительные;10;05.07.2024
434;Захламление;05.09.2023;64.7264709472656;60.1360816955566;Строительные;0,1;
511;СвалкапоППРФ№542;09.06.2017;62.7649803161621;61.2173805236816;Бытовые;15;
765;Захламление;28.05.2024;65.8946685791015;59.5883903503417;Бытовые;0,8;
557;Захламление;13.09.2023;64.7314987182617;60.1110000610351;Строительные;0,2;
404;Захламление;19.09.2023;64.7956924438476;60.1328048706054;Строительные;0,2;27.08.2024
804;Захламление;06.06.2024;64.5220870971679;60.2026939392089;Промышленные;9000;
590;Захламление;04.06.2024;63.6287193298339;61.3163795471191;Лесопиление;50;15.07.2024
471;Захламление;05.09.2023;64.8160247802734;60.1157493591308;Строительные;0,2;
455;Захламление;05.09.2023;64.7214965820312;60.1374435424804;Лесопиление;1,2;
849;Захламление;21.05.2024;60.1158905029296;64.731086730957;Строительные;20;
709;Захламление;17.05.2024;71.4630279541015;60.0735282897949;Строительные;0;
810;Захламление;21.05.2024;60.1090278625488;64.8060302734375;Строительные;8;
542;Захламление;23.05.2024;63.3837585449218;61.319408416748;Строительные;0,4;11.06.2024
533;СвалкапоППРФ№542;29.05.2024;62.6719512939453;61.1649894714355;Лесопиление;80;
381;Захламление;06.10.2023;73.2869186401367;61.3110542297363;Бытовые;2;
698;Захламление;15.05.2024;71.4803924560546;60.0708351135253;Бытовые;0;29.07.2024
770;Захламление;28.05.2024;65.9038925170898;59.5834159851074;Строительные;1,6;
448;Захламление;05.09.2023;64.7251358032226;60.1373062133789;Строительные;0,6;
430;СвалкапоППРФ№542;05.06.2017;62.865608215332;61.1946792602539;Строительные;10;04.10.2024
622;Захламление;21.05.2020;76.5480499267578;60.9992942810058;Строительные;256;07.11.2024
793;Захламление;31.05.2024;64.8113861083984;60.1580848693847;Бытовые;0,5;
520;СвалкапоППРФ№542;15.06.2016;64.02738;61.47493;Бытовые;145;
499;СвалкапоППРФ№542;20.05.2021;63.0054016113281;61.940990447998;Бытовые;50;
484;СвалкапоППРФ№542;08.06.2017;63.0177192687988;61.930320739746;Строительные;7,9;25.09.2024
415;СвалкапоППРФ№542;12.09.2023;63.5741004943847;61.3790702819824;Лесопиление;5;21.06.2024
433;СвалкапоППРФ№542;10.06.2015;64.5095062255859;61.6766014099121;Промышленные;80;17.05.2024
636;Захламление;13.09.2023;64.7117462158203;60.1370010375976;Промышленные;1,5;
597;СвалкапоППРФ№542;18.08.2023;63.0120010375976;61.9370994567871;Строительные;1,8;13.06.2024
577;СвалкапоППРФ№542;18.06.2012;62.6924400329589;61.1691093444824;Бытовые;45000;
388;СвалкапоППРФ№542;16.03.2015;61.6436119079589;62.891860961914;Строительные;2700;29.07.2024
826;Захламление;21.05.2024;60.104751586914;64.767333984375;Строительные;10;
613;Захламление;24.10.2018;75.4813995361328;61.0132102966308;Промышленные;0;
537;Захламление;16.05.2023;62.748119354248;61.2198982238769;Промышленные;0,3;11.10.2024
799;Захламление;21.05.2024;60.1091957092285;64.8066940307617;Промышленные;15;
441;Захламление;05.09.2023;64.7261657714843;60.1368331909179;Промышленные;0,2;
638;СвалкапоППРФ№542;01.01.2024;65.9254684448242;59.580638885498;Строительные;30;12.07.2024
791;Захламление;21.05.2024;60.1090545654296;64.7992477416992;Промышленные;1,5;
608;Захламление;19.09.2023;64.6733627319335;60.1551666259765;Промышленные;2;14.06.2024
447;Захламление;05.09.2023;64.7270812988281;60.1364707946777;Строительные;0,8;
476;Захламление;05.09.2023;64.8171920776367;60.1163597106933;Промышленные;0,8;
796;Захламление;14.03.2025;67.4411926269531;59.6591987609863;Промышленные;310;
524;СвалкапоППРФ№542;27.05.2024;61.35685;63.58306;Строительные;70;
522;СвалкапоППРФ№542;26.07.2017;64.0528564453125;61.4658393859863;Промышленные;2;09.10.2024
545;СвалкапоППРФ№542;06.06.2019;62.8296928405761;61.2000274658203;Промышленные;50;30.08.2024
475;Захламление;05.09.2023;64.8173599243164;60.1162796020507;Строительные;0,5;
580;СвалкапоППРФ№542;01.06.2011;62.6735000610351;61.162498474121;Строительные;14670;
630;Захламление;13.09.2023;64.7116088867187;60.1367492675781;Промышленные;1,5;
798;Захламление;21.05.2024;60.1100540161132;64.8010025024414;Строительные;25;
426;СвалкапоППРФ№542;14.12.2017;62.8232116699218;61.2089118957519;Промышленные;0;30.04.2024
649;Захламление;06.06.2024;72.5871353149414;61.0932159423828;Строительные;10;
628;Захламление;13.09.2023;64.7112197875976;60.1370544433593;Строительные;1,5;
498;СвалкапоППРФ№542;16.06.2021;63.034194946289;61.9473876953125;Строительные;12;13.06.2024
583;СвалкапоППРФ№542;07.09.2023;77.527976989746;62.0525016784667;Бытовые;80;23.07.2024
780;Захламление;28.05.2024;65.9280548095703;59.5792236328125;Бытовые;2,1;
674;Захламление;11.07.2024;72.8059692382812;61.1406669616699;Строительные;0,03;
680;Захламление;11.07.2024;72.8161926269531;61.1430549621582;Промышленные;10;
824;Захламление;31.05.2024;64.7138061523437;60.1305847167968;Строительные;0,1;
482;СвалкапоППРФ№542;09.06.2015;62.9900207519531;61.9462203979492;Строительные;100;
453;Захламление;05.09.2023;64.7219161987304;60.1373901367187;Строительные;0,9;
704;Захламление;17.05.2024;71.4634475708007;60.0774993896484;Лесопиление;0;29.07.2024
809;Захламление;31.05.2024;64.7169189453125;60.1417770385742;Строительные;7,7;
819;Захламление;21.05.2024;60.1041107177734;64.783332824707;Строительные;5;
711;Захламление;06.06.2024;72.6526412963867;60.0912780761718;Строительные;1,5;19.07.2024
822;Захламление;21.05.2024;60.10933303833;64.7839202880859;Строительные;1,8;
431;СвалкапоППРФ№542;09.06.2017;62.863410949707;61.194049835205;Бытовые;20;10.09.2024
392;Захламление;22.03.2021;65.4011077880859;64.2861099243164;Промышленные;40;15.01.2024
781;Захламление;28.05.2024;65.9279479980468;59.5792236328125;Строительные;1,2;
444;Захламление;05.09.2023;64.7263031005859;60.1371116638183;Промышленные;0,14;
707;Захламление;17.05.2024;71.4670867919921;60.0823326110839;Строительные;0;19.09.2024
686;;20.07.2024;71.9237747192382;61.0040283203125;Бытовые;0,3;23.06.2024
527;СвалкапоППРФ№542;18.06.2015;64.4797439575195;61.6855926513671;Лесопиление;14300;
503;СвалкапоППРФ№542;07.07.2023;72.5817489624023;61.0969429016113;Промышленные;54,1;08.06.2024
417;СвалкапоППРФ№542;19.10.2022;62.8499298095703;61.1981811523437;Строительные;15;19.09.2024
666;Захламление;28.05.2024;71.8743362426757;60.9980850219726;Бытовые;0,5;03.07.2024
539;Захламление;23.05.2024;63.3451614379882;61.3251419067382;Строительные;0,4;15.07.2024
691;Захламление;17.06.2024;72.610725402832;61.0497512817382;Бытовые;1,5;
646;;06.06.2024;72.5859146118164;61.0947647094726;Строительные;2;
773;Захламление;28.05.2024;65.9099197387695;59.5821647644042;Строительные;2;
493;СвалкапоППРФ№542;21.09.2017;63.0423011779785;61.9131202697753;Лесопиление;30;21.10.2024
508;СвалкапоППРФ№542;10.09.2019;71.8290557861328;60.9827766418457;Бытовые;5179,1;10.09.2024
385;СвалкапоППРФ№542;30.05.2013;64.5254745483398;63.1691093444824;Бытовые;4270;
823;Захламление;31.05.2024;64.7104415893554;60.1360549926757;Строительные;0,5;
474;Захламление;05.09.2023;64.8175582885742;60.1160545349121;Бытовые;0,2;
639;Захламление;13.06.2024;72.4593353271484;61.9679718017578;Промышленные;0,2;11.06.2024
713;Захламление;06.06.2024;72.608055114746;61.070556640625;Бытовые;250;
832;Захламление;31.05.2024;64.6953887939453;60.1221122741699;Строительные;0,9;
387;СвалкапоППРФ№542;16.03.2015;64.3745574951171;62.7455825805664;Строительные;1700;
779;Захламление;28.05.2024;65.9256134033203;59.5803604125976;Бытовые;5;
769;Захламление;28.05.2024;65.9043350219726;59.583194732666;Лесопиление;1,2;
813;Захламление;14.03.2025;64.7164154052734;60.1411666870117;Бытовые;0,1;
428;СвалкапоППРФ№542;14.12.2017;;;Бытовые;1500;30.04.2024
834;Захламление;14.03.2025;60.1039733886718;64.7634201049804;Промышленные;6;
685;Захламление;28.05.2024;71.9293594360351;61.0032768249511;Бытовые;0,8;23.06.2024
618;"ЗахламлениеN60°09'32.1""E64°40'06.1""";19.09.2023;64.668357849121;60.1589164733886;Промышленные;0,5;27.09.2024
772;Захламление;28.05.2024;65.909553527832;59.5817489624023;Промышленные;3;
673;Захламление;11.07.2024;72.8066940307617;61.1417236328125;Бытовые;10;
515;СвалкапоППРФ№542;10.06.2014;64.0088272094726;61.4718894958496;Лесопиление;3127;
854;Захламление;21.05.2024;60.0892219543457;64.6708068847656;Бытовые;3;
421;СвалкапоППРФ№542;21.12.2017;62.853588104248;61.2032814025878;Строительные;60;04.06.2024
586;СвалкапоППРФ№542;01.01.1998;65.489761352539;62.1093826293945;Строительные;28850;
425;СвалкапоППРФ№542;26.07.2019;62.850842;61.205561;Строительные;2;
714;Захламление;06.06.2024;72.5524978637695;61.0855560302734;Строительные;10;
701;Захламление;15.05.2024;71.4638900756835;60.0592498779296;Лесопиление;0;
407;Захламление;19.09.2023;64.7913055419921;60.1349449157714;Бытовые;2;18.09.2024
588;СвалкапоППРФ№542;01.03.2024;0660152.2;622750.5;Бытовые;240;15.08.2024
500;СвалкапоППРФ№542;19.05.2023;72.5877227783203;61.0934600830078;Бытовые;50;23.09.2024
784;Захламление;20.05.2024;58.8167762756347;65.9585037231445;Лесопиление;11;
705;Захламление;17.05.2024;71.4683990478515;60.0799713134765;Бытовые;0;
807;Захламление;31.05.2024;64.7178878784179;60.1586380004882;Промышленные;2,5;
401;Захламление;13.09.2023;64.7345581054687;60.141860961914;Бытовые;0,025;
800;Захламление»;31.05.2024;64.6566696166992;60.1507492065429;Промышленные;0,1;
383;СвалкапоППРФ№542;15.04.2024;73.4625015258789;61.312233;Промышленные;147,6;
454;Захламление;05.09.2023;64.7215270996093;60.1374740600585;Промышленные;0,9;
396;Захламление;13.09.2023;64.7168884277343;60.1417503356933;Промышленные;0,4;
382;СвалкапоППРФ№542;12.07.2023;73.1313858032226;61.1959991455078;Промышленные;10;26.09.2024
609;Захламление,квартал474в.16;09.08.2017;76.5563888549804;60.9980316162109;Промышленные;861,6;
450;Захламление;05.09.2023;64.7227249145507;60.1373596191406;Строительные;0,7;
732;Захламление;17.05.2024;71.437889099121;60.0596961975097;Промышленные;0;
756;Захламление;22.01.2025;62.8429985046386;61.1980285644531;Строительные;1;
544;СвалкапоППРФ№542;26.09.2017;62.8155059814453;61.1993217468261;Лесопиление;1800;31.07.2024
655;Захламление;06.05.2024;72.2020034790039;60.4888610839843;Промышленные;3;
449;Захламление;05.09.2023;64.7238082885742;60.1371383666992;Промышленные;0,2;
746;Захламление;17.05.2024;71.702163696289;60.164695739746;Бытовые;0;29.07.2024
828;Захламление;31.05.2024;64.6958084106445;60.1221656799316;Строительные;20;
699;Захламление;15.05.2024;71.4710006713867;60.0689163208007;Строительные;0;
835;Захламление;21.05.2024;60.1039161682128;64.7605590820312;Строительные;6;
665;Захламление;28.05.2024;71.8670578002929;60.9964179992675;Бытовые;0,5;03.07.2024
703;Захламление;17.05.2024;71.4689712524414;60.0724983215332;Строительные;0;29.07.2024
459;Захламление;05.09.2023;64.7214202880859;60.1361389160156;Строительные;0,7;
783;Захламление;20.05.2024;65.975471496582;58.8158073425292;Промышленные;32;
650;Захламление;16.05.2024;72.6183319091796;61.1516685485839;Бытовые;0,9;05.07.2024
830;Захламление;31.05.2024;64.6956405639648;60.1221389770507;Строительные;2,5;
712;Захламление;06.06.2024;72.654914855957;60.1073341369628;Бытовые;1,5;19.07.2024
672;Захламление;11.07.2024;72.8066635131835;61.1413879394531;Строительные;0,9;
764;Захламление;28.05.2024;65.8730010986328;59.5912780761718;Строительные;1;
554;Захламление;12.09.2023;64.732666015625;60.1171684265136;Лесопиление;0,9;
847;Захламление;21.05.2024;60.111831665039;64.7120285034179;Строительные;6;
768;Захламление;28.05.2024;65.896614074707;59.5847778320312;Строительные;0,8;
535;СвалкапоППРФ№542;13.06.2017;62.6734237670898;61.1572608947753;Строительные;70;
669;Захламление;28.05.2024;71.8731079101562;60.9978599548339;Промышленные;0,5;
466;Захламление;05.09.2023;64.8168029785156;60.1158599853515;Промышленные;0,4;
391;Захламление;22.06.2017;65.4978866577148;64.2650527954101;Промышленные;90;
671;Захламление;28.05.2024;71.8843917846679;61.0051651000976;Строительные;1;03.07.2024
623;Захламление;28.05.2020;76.584358215332;60.9484710693359;Промышленные;10;
461;Захламление;05.09.2023;64.7210845947265;60.1362228393554;Строительные;0,1;
820;Захламление;21.05.2024;60.1035270690917;64.7831649780273;Строительные;2;
851;Захламление;21.05.2024;60.1163902282714;64.7320251464843;Промышленные;20;
838;Захламление;21.05.2024;60.1073341369628;64.7467498779296;Строительные;5;
563;Захламление;12.09.2023;64.7320556640625;60.1121673583984;Промышленные;0,9;
458;Захламление;05.09.2023;64.7210845947265;60.1362228393554;Промышленные;0,6;
411;Захламление;19.09.2023;64.7908859252929;60.1349983215332;Строительные;0,1;18.09.2024
853;Захламление;21.05.2024;60.1133041381835;64.7208023071289;Промышленные;6;
762;;12.03.2025;73.2774429321289;61.2774429321289;Промышленные;2;
576;СвалкапоППРФ№542;19.07.2021;77.17061;61.3875083923339;Строительные;66;19.09.2024
750;СвалкапоППРФ№542;14.10.2024;64.7442779541015;60.1394729614257;Промышленные;40;12.11.2024
722;Захламление;06.06.2024;72.6651077270507;61.1076927185058;Строительные;1;25.07.2024
543;СвалкапоППРФ№542;31.05.2024;62.7984428405761;61.1904411315917;Строительные;30;
678;Захламление;11.07.2024;72.8105010986328;61.1438064575195;Строительные;0,6;
593;ОбъектвГРОНВОС;01.06.2019;67.223892211914;63.6911125183105;Промышленные;2587,1;31.10.2024
766;Захламление;28.05.2024;65.8948364257812;59.5884437561035;Промышленные;1,2;
716;Захламление;06.06.2024;72.6347198486328;61.1237487792968;Строительные;0,4;25.07.2024
420;СвалкапоППРФ№542;18.10.2021;62.8458595275878;61.1948890686035;Строительные;20;16.05.2024
599;Захламление;06.09.2023;63.0172805786132;61.9304084777832;Строительные;0;
845;Захламление;21.05.2025;60.1077499389648;64.7338638305664;Строительные;1,5;
600;Захламление;06.09.2023;63.0235900878906;61.9262504577636;Бытовые;0;10.10.2024
840;Захламление;21.05.2024;60.0980567932128;64.7461929321289;Бытовые;5;
651;Захламление;16.05.2024;72.6247253417968;61.1500015258789;Бытовые;2;05.07.2024
611;Захламление;24.10.2018;75.4816131591796;61.0123062133789;Строительные;0;
570;Захламление;18.10.2023;64.8210525512695;60.1200294494628;Строительные;0,9;18.09.2024
604;Захламление;06.09.2023;63.0131912231445;61.9273681640625;Строительные;0;11.07.2024
523;СвалкапоППРФ№542;09.10.2012;64.5061111450195;61.677188873291;Строительные;9700;
469;Захламление;05.09.2023;64.8163909912109;60.1158905029296;Строительные;0,4;
717;Захламление;06.06.2024;72.6348648071289;61.1238327026367;Промышленные;0,4;25.07.2024
402;Захламление;21.05.2024;64.7177505493164;60.1419982910156;Строительные;0,1;
598;Захламление;06.09.2023;63.0178298950195;61.9304809570312;Строительные;0;
634;ОбъектвГРОНВОС;10.06.2024;67.4567184448242;59.65327835083;Строительные;3750;
619;"ЗахламлениеN60°09'37.6""E64°39'59.7""";19.09.2023;64.6665802001953;60.1604461669921;Лесопиление;8;27.09.2024
556;Захламление;12.09.2023;64.7332534790039;60.1161956787109;Бытовые;0,4;
683;Захламление;28.05.2024;71.9114151000976;60.9998054504394;Бытовые;0,3;23.06.2024
631;Захламление;13.09.2023;64.7802200317382;60.1416931152343;Промышленные;2;22.08.2024
440;Захламление;05.09.2023;64.7263641357421;60.1366119384765;Строительные;0,2;
654;Захламление;28.05.2024;71.8777465820312;60.9925003051757;Бытовые;10;
620;Захламление;19.09.2023;64.7738647460937;60.1240005493164;Промышленные;66;03.07.2024
637;СвалкапоППРФ№542;25.05.2023;66.4999465942382;60.2186393737792;Строительные;75;
643;Захламление;11.06.2024;62.8608093261718;61.2011489868164;Строительные;1;
386;СвалкапоППРФ№542;22.07.2014;59.7488059997558;63.220417022705;Промышленные;1560;21.10.2024
788;Захламление;21.05.2024;60.108528137207;64.7989425659179;Лесопиление;2;
715;Захламление;14.06.2024;72.5488891601562;61.0866661071777;Промышленные;10;
436;Захламление;05.09.2023;64.7260818481445;60.1365852355957;Бытовые;0,1;
757;Захламление;22.01.2025;63.3219604492187;61.2911491394042;Строительные;1;11.12.2024
731;Захламление;17.05.2024;71.4572219848632;60.0580558776855;Строительные;0;29.07.2024
456;Захламление;05.09.2023;64.7212219238281;60.1366119384765;Строительные;0,3;
480;СвалкапоППРФ№542;05.05.2011;63.0952911376953;61.9183006286621;Бытовые;3570;
787;Захламление;21.05.2024;60.1092796325683;64.8009185791015;Бытовые;1;
470;Захламление;05.09.2023;64.8161926269531;60.1158599853515;Строительные;0,8;
860;"Захламление""";21.05.2024;60.094970703125;64.6463623046875;Бытовые;6;
833;Захламление»;31.05.2024;64.6952514648437;60.1176109313964;Строительные;1,5;
664;;28.05.2024;71.8671646118164;61.0017776489257;Промышленные;4;03.07.2024
378;СвалкапоППРФ№542;08.10.2019;68.2505187988281;61.475414276123;Промышленные;471,6;04.06.2024
518;СвалкапоППРФ№542;27.05.2024;63.58105в.д.;61.36673с.ш..;Лесопиление;10;
661;Захламление;28.05.2024;71.8796081542968;61.0015563964843;Строительные;15;03.07.2024
540;Захламление;30.05.2024;63.277099609375;61.3499412536621;Строительные;0,2;25.06.2024
496;СвалкапоППРФ№542;25.11.2020;62.9952201843261;61.9395103454589;Строительные;10;18.07.2024
645;Захламление;06.06.2024;72.5856552124023;61.0938911437988;Лесопиление;0,5;
668;Захламление;11.07.2024;72.8046646118164;61.1453323364257;Промышленные;0,05;
410;Захламление;19.09.2023;64.7906951904296;60.1350288391113;Промышленные;1;18.09.2024
627;Захламление;08.06.2022;76.6694412231445;;Бытовые;100;
467;Захламление;05.09.2023;64.8166961669921;60.1158905029296;Строительные;0,4;
814;Захламление;21.05.2024;60.1088333129882;64.8042221069335;Строительные;10;
549;СвалкапоППРФ№542;23.05.2018;64.51466;60.20647;Строительные;1390;19.07.2024
384;Захламление;02.07.2019;73.591723;61.260571;Бытовые;400;
742;Захламление;17.05.2024;71.4500579833984;60.0625;Строительные;0;29.07.2024
841;Захламление;21.05.2024;60.0985565185546;64.7454452514648;Строительные;12;
675;Захламление;11.07.2024;72.8056640625;61;Промышленные;10;
615;"ЗахламлениеN60°09'32.0""E64°40'04.7"",";19.09.2023;64.66796875;60.1588897705078;Бытовые;7;27.09.2024
546;СвалкапоППРФ№542;24.12.2020;62.8519401550292;61.1968994140625;Строительные;160;30.11.2024
491;СвалкапоППРФ№542;16.08.2017;63.0156707763671;61.9250106811523;Бытовые;10;07.08.2024
743;Захламление;17.05.2024;71.4761123657226;60.070556640625;Строительные;0;
492;СвалкапоППРФ№542;16.08.2017;63.0133628845214;61.9269981384277;Строительные;80;
516;СвалкапоППРФ№542;21.10.2011;63.58013;61.3740806579589;Лесопиление;1344,7;
571;СвалкапоППРФ№542;03.06.2024;65.840721130371;59.725112915039;Строительные;150;05.07.2024
548;СвалкапоППРФ№542;16.07.2021;62.8178405761718;61.2099571228027;Строительные;1400;
693;Захламление;17.05.2024;71.4574737548828;60.0579185485839;Строительные;0;
427;СвалкапоППРФ№542;14.12.2017;62.8288803100585;61.2029609680175;Промышленные;80000;04.06.2024
473;Захламление;05.09.2023;64.8175582885742;60.1158905029296;Промышленные;0,6;
825;Захламление;31.05.2024;64.7068862915039;60.1370277404785;Промышленные;1;
734;Захламление;17.05.2024;71.465835571289;60.0619430541992;Строительные;0;
553;Захламление;12.09.2023;;60.1169738769531;Промышленные;0,9;
561;Захламление;12.09.2023;64.7331390380859;60.1111946105957;Строительные;0,1;
567;Захламление;18.10.2023;64.8198089599609;60.1194152832031;Строительные;0,9;18.09.2024
552;Захламление;12.09.2023;64.7342529296875;60.1170272827148;Промышленные;0,2;19.11.2024
697;Захламление;15.05.2024;71.4822235107421;60.0724983215332;Строительные;0;12.09.2024
682;"Захламление,районпожарнойчасти;";28.05.2024;71.891502380371;61.004222869873;Промышленные;0,6;03.07.2024
497;СвалкапоППРФ№542;25.11.2020;63.026870727539;61.9347305297851;Промышленные;30;
831;Захламление;21.05.2024;60.1040840148925;64.7640533447265;Строительные;4;
695;Захламление;17.05.2024;71.4545288085937;60.0555267333984;Промышленные;0;29.07.2024
558;Захламление;12.09.2023;64.7324142456054;60.1120834350585;Промышленные;0,5;
389;СвалкапоППРФ№542;21.02.2019;60.9326934814453;64.2405014038085;Строительные;1025;
595;СвалкапоППРФ№542;01.06.2021;66.0454177856445;64.2351684570312;Промышленные;100;25.07.2024
416;СвалкапоППРФ№542;08.11.2022;62.8637924194335;61.2006568908691;Строительные;50;04.06.2024
581;СвалкапоППРФ№542;15.09.2023;76.654182434082;60.8838882446289;Строительные;70;01.10.2024
603;Захламление;06.09.2023;63.0049018859863;61.9252700805664;Строительные;0;10.10.2024
741;Захламление;17.05.2024;71.4436111450195;60.0541648864746;Промышленные;0;
653;Захламление;06.05.2024;72.2091369628906;60.4922485351562;Промышленные;1;21.07.2024
803;Захламление;31.05.2024;64.7175521850585;60.1588058471679;Строительные;2,5;
727;Захламление;17.05.2024;71.4640579223632;60.0725288391113;Строительные;0;29.07.2024
790;Захламление;21.05.2024;60.1088905334472;64.7990798950195;Строительные;1,5;
565;Захламление;18.10.2023;64.820083618164;60.1194725036621;Строительные;0,9;18.09.2024
529;СвалкапоППРФ№542;25.05.2023;76.831921;61.141699;Бытовые;700;
827;Захламление;31.05.2024;64.700942993164;60.1250572204589;Бытовые;1;
446;Захламление;05.09.2023;64.7269134521484;60.1368598937988;Бытовые;0,1;
377;СвалкапоППРФ№542;25.06.2020;70.3386611938476;61.2948913574218;Строительные;350;31.05.2024
702;Захламление;15.05.2024;71.4626388549804;60.0568351745605;Строительные;0;
442;Захламление;05.09.2023;64.7260284423828;60.1370010375976;Строительные;0,4;
729;Захламление;17.05.2024;71.4529418945312;60.0606117248535;Строительные;0;
681;Захламление;28.05.2024;71.8858642578125;61.005084991455;Строительные;0,6;03.07.2024
397;Захламление;13.09.2023;64.716941833496;60.1417236328125;Промышленные;0,1;
739;Захламление;17.05.2024;71.4722213745117;60.0797233581542;Строительные;0;
782;Захламление;20.05.2024;65.9433059692382;58.7968063354492;Строительные;130;
510;Захламление;07.01.2024;72.6400985717773;60.0956802368164;Строительные;0,6;24.01.2024
687;Захламление;28.05.2024;71.9224700927734;61.0019721984863;Лесопиление;10;23.06.2024
852;Захламление;21.05.2024;60.116527557373;64.7326965332031;Бытовые;20;
502;СвалкапоППРФ№542;06.06.2023;72.6475524902343;61.110553741455;Бытовые;20;18.10.2024
708;Захламление;17.05.2024;71.475830078125;60.0790824890136;Промышленные;0;
614;"ЗахламлениеN60°09'18.6""E64°40'25.4"",";19.09.2023;64.6737213134765;60.1551666259765;Строительные;11,2;14.06.2;;;
460;Захламление;05.09.2023;64.7218017578125;60.1361389160156;Бытовые;0,2;
481;СвалкапоППРФ№542;04.10.2011;63.1785697937011;61.9220314025878;Промышленные;850;
452;Захламление;05.09.2023;64.72216796875;60.1374740600585;Строительные;1;
509;СвалкапоППРФ№542;10.09.2019;72.8247528076171;60.7927513122558;Строительные;9274,1;
660;Захламление;16.05.2024;72.6650009155273;61.1606407165527;Промышленные;2;05.07.2024
393;СвалкапоППРФ№542;30.05.2023;"73°49'01.4""";"60°17'22.9""";Лесопиление;2,5;
432;СвалкапоППРФ№542;25.05.2017;62.8163185119628;61.21146;Промышленные;3500;
429;СвалкапоППРФ№542;22.05.2024;62.8737411499023;61.1957893371582;Бытовые;2;04.10.2024
472;Захламление;05.09.2023;64.8165283203125;60.1155815124511;Строительные;0,6;
560;Захламление;31.05.2024;64.732666015625;60.1117515563964;Строительные;0,9;
785;Захламление;31.05.2024;64.8168869018554;60.1501960754394;Строительные;0,5;
525;СвалкапоППРФ№542;01.11.2011;64.518798828125;61.6736106872558;Бытовые;3000;
457;Захламление;05.09.2023;64.7210540771484;60.1363906860351;Бытовые;1,2;
422;СвалкапоППРФ№542;10.04.2023;62.8715591430664;61.2031517028808;Строительные;10;
610;Захламление;24.10.2018;75.4812774658203;61.0127487182617;Бытовые;0;
602;Захламление;06.09.2023;63.0191802978515;61.9293899536132;Строительные;0;
818;Захламление;21.05.2024;60.1090278625488;64.8019714355468;Промышленные;0;
808;Захламление;21.05.2024;60.1096954345703;64.8058319091796;Промышленные;50;
435;Захламление;05.09.2023;64.7262802124023;60.1366119384765;Лесопиление;0,2;
736;Захламление;17.05.2024;71.4501342773437;60.0752792358398;Строительные;0;
842;Захламление;21.05.2024;60.0997238159179;64.7431411743164;Строительные;5;
578;Захламление;12.07.2023;76.71044921875;60.951358795166;Строительные;2500;
677;Захламление;11.07.2024;72.8070831298828;61.1413345336914;Промышленные;0,6;
774;Захламление;28.05.2024;65.9103851318359;59.5822486877441;Строительные;2;
596;СвалкапоППРФ№542;01.06.2019;69.0416946411132;64.2051391601562;Бытовые;1500;31.10.2025
465;Захламление;05.09.2023;64.8168640136718;60.1158332824707;Промышленные;0,6;
850;Захламление;21.05.2024;60.1160850524902;64.7307510375976;Строительные;20;
735;Захламление;17.05.2024;71.0334167480468;60.0730552673339;Промышленные;0;
720;Захламление;06.06.2024;72.6588897705078;61.1134986877441;Промышленные;0,4;25.07.2024
419;СвалкапоППРФ№542;17.04.2023;62.8730201721191;61.2026710510253;Строительные;10;
700;Захламление;15.05.2024;71.4696655273437;60.0686950683593;Строительные;0;12.09.2024
795;Захламление;21.05.2024;60.1095008850097;64.7989425659179;Лесопиление;5;
659;Захламление;16.05.2024;72.6698303222656;61.1495552062988;Промышленные;0,8;05.07.2024
629;Захламление;13.09.2023;64.7117462158203;60.1367759704589;Бытовые;1,5;
829;Захламление;21.05.2024;60.1042213439941;64.76513671875;Строительные;2;
776;Захламление;28.05.2024;65.9098358154296;59.5823898315429;Строительные;1,2;
572;СвалкапоППРФ№542;06.11.2018;76.917724609375;61.060001373291;Бытовые;345,8;05.07.2024
514;СвалкапоППРФ№542;09.06.2017;62.7754898071289;61.2095413208007;Строительные;100;05.08.2024
706;Захламление;17.05.2024;71.4624481201171;60.0786666870117;Бытовые;0;
696;Захламление;15.05.2024;71.4527511596679;60.0545272827148;Бытовые;0;
723;Захламление;06.06.2024;72.6659698486328;61.1090850830078;Бытовые;1;25.07.2024
866;Захламление;01.11.2024;76.54816;61.00326;Промышленные;60;
837;Захламление»;31.05.2024;64.6889724731445;60.1165008544921;Промышленные;2;
530;СвалкапоППРФ№542;11.07.2023;79.0063781738281;60.9801177978515;Промышленные;500;
413;Захламление;22.05.2024;64.745864868164;60.1083068847656;Промышленные;0,9;
394;Захламление;17.10.2023;73.3606567382812;61.2746086120605;Лесопиление;41;27.08.2024
495;СвалкапоППРФ№542;25.11.2020;62.9974784851074;61.9280586242675;Строительные;30;
642;Захламление;03.06.2024;72.1588897705078;61.5986404418945;Строительные;50;12.08.2024
589;Захламление;24.05.2024;63.5591316223144;61.3574981689453;Бытовые;200;
688;Захламление;28.05.2024;71.9182815551757;61.0011940002441;Строительные;0,2;23.06.2024
587;СвалкапоППРФ№542;01.06.2022;662811.0;613332.5;Лесопиление;120;
517;СвалкапоППРФ№542;10.06.2014;64.0385437011718;61.4659309387207;Промышленные;460;19.06.2024
821;Захламление;31.05.2024;64.7141418457031;60.1415557861328;Строительные;3;
855;Захламление;21.05.2024;60.089973449707;64.669807434082;Промышленные;4;
566;Захламление;18.10.2023;64.8201141357421;60.1192779541015;Строительные;0,9;18.09.2024
380;Захламление;14.12.2023;69.7957000732421;60.583698272705;Строительные;0;05.11.2024
744;"Захламление""";17.05.2024;71.7097244262695;60.1655540466308;Строительные;0;12.09.2024
815;Захламление;21.05.2024;60.1088333129882;64.8038635253906;Бытовые;5;
568;Захламление;18.10.2023;64.7308349609375;60.1180572509765;Промышленные;0,9;18.09.2024
547;ОбъектвГРОНВОС;31.05.2024;65.1943664550781;60.0297737121582;Лесопиление;1000;
506;СвалкапоППРФ№542;07.07.2023;72.490608215332;61.0925827026367;Промышленные;1164;
501;СвалкапоППРФ№542;08.10.2019;72.5874235449524;61.1036557991143;Строительные;1000;
857;Захламление;21.05.2024;60.0874443054199;64.6897506713867;Промышленные;18;
848;Захламление;21.03.2024;60.1160278320312;64.7312774658203;Промышленные;20;
755;Захламление;22.01.2025;62.8456382751464;61.1866378784179;Лесопиление;1;
451;Захламление;05.09.2023;64.7222518920898;60.1374740600585;Промышленные;0,1;
794;Захламление;21.05.2024;60.1092491149902;64.7991943359375;Промышленные;1,5;
690;Захламление;17.06.2024;72.6449432373046;61.1064147949218;Лесопиление;500;08.07.2024
424;СвалкапоППРФ№542;17.01.2018;62.8657608032226;61.1991500854492;Строительные;20;11.09.2024
601;Захламление;06.09.2023;63.0223007202148;61.9281196594238;Промышленные;0;
667;Захламление;28.05.2024;71.8724746704101;60.9977760314941;Промышленные;0,6;03.07.2024
733;Захламление;17.05.2024;71.4672241210937;60.0622215270996;Промышленные;0;29.07.2024
478;СвалкапоППРФ№542;01.05.2008;63.1749114990234;61.9204406738281;Промышленные;1000;
652;Захламление;16.05.2024;72.625;61.1500015258789;Лесопиление;0,3;
792;Захламление;31.05.2024;64.8150558471679;60.1572227478027;Бытовые;0,4;
844;Захламление;21.05.2024;60.1077499389648;64.7337799072265;Промышленные;1,5;
439;Захламление;05.09.2023;64.7264175415039;60.1365280151367;Лесопиление;0,2;
483;СвалкапоППРФ№542;09.06.2015;62.9900588989257;61.9497108459472;Строительные;210;
718;Захламление;06.06.2024;72.6513366699218;61.1175537109375;Промышленные;10;25.07.2024
532;СвалкапоППРФ№542;07.07.2017;62.6771392822265;61.165599822998;Промышленные;3600;
585;Захламление;11.03.2024;76.1450119018554;61.0515441894531;Бытовые;91,9;
575;СвалкапоППРФ№542;25.08.2020;77.4739151000976;62.3783073425292;Промышленные;300;
438;Захламление;05.09.2023;64.7263031005859;60.1365013122558;Строительные;0,3;
541;Захламление;30.05.2024;63.27452?;61.3579711914062;Бытовые;25;11.10.2024
865;Захламление»;21.05.2023;60.1165008544921;64.6889724731445;Строительные;2;
663;Захламление.;28.05.2024;71.8765029907226;61.0029983520507;Строительные;1;03.07.2024
579;СвалкапоППРФ№542;27.07.2023;76.8656463623046;60.9622383117675;Строительные;4;20.08.2024
670;Захламление;28.05.2024;71.8765029907226;61.0029983520507;Строительные;0,6;03.07.2024
738;Захламление;17.05.2024;71.4705581665039;60.0822219848632;Лесопиление;0;29.07.2024
662;Захламление;18.07.2024;71.8782501220703;61.0031929016113;Промышленные;743;03.07.2024
861;"Захламление""";21.05.2024;60.0949440002441;64.6464691162109;Строительные;6;
584;СвалкапоППРФ№542;01.06.2011;62.7011909484863;61.1745643615722;Лесопиление;6300;
737;Захламление;17.05.2024;71.478889465332;60.0699996948242;Промышленные;0;29.07.2024
730;Захламление;17.05.2024;71.453025817871;60.0577774047851;Строительные;0;29.07.2024
513;СвалкапоППРФ№542;09.06.2017;62.7750282287597;61.2130012512207;Строительные;100;09.10.2024
616;"ЗахламлениеN60°09'31.8""E64°40'05.8""";19.09.2023;64.6682815551757;60.1588325500488;Бытовые;3,2;27.09.2024
573;СвалкапоППРФ№542;18.06.2018;76.9495697021484;61.0607299804687;Промышленные;0;28.05.2024
594;СвалкапоППРФ№542;01.01.2018;65.9175033569335;63.7767448425292;Бытовые;300;31.10.2025
725;Захламление;20.06.2024;72.5753173828125;61.1023788452148;Промышленные;1;21.07.2024
805;Захламление;21.05.2024;60.1095275878906;64.806167602539;Бытовые;7;
445;Захламление;05.09.2023;64.7266693115234;60.1368064880371;Промышленные;0,1;
801;Захламление;06.06.2024;64.5730285644531;60.187442779541;Строительные;2600000;
858;Захламление;21.05.2024;60.100471496582;64.6736145019531;Строительные;20;
721;Захламление;06.06.2024;72.665412902832;61.1085815429687;Бытовые;10;25.07.2024
863;Захламление;21.05.2025;60.1123886108398;64.698387145996;Строительные;4;
817;Захламление;21.05.2024;60.1089439392089;64.8022537231445;Бытовые;20;
836;Захламление;21.05.2024;60.1080818176269;64.7463912963867;Промышленные;7;
405;Захламление;19.09.2023;64.8092803955078;60.1282234191894;Бытовые;0,1;18.09.2024
859;"Захламление""";21.05.2024;60.094970703125;64.6463623046875;Бытовые;6;
569;Захламление;18.10.2023;64.8196640014648;60.1193351745605;Промышленные;0,9;18.09.2024
864;Захламление;21.05.2024;60.1141929626464;64.7029418945312;Строительные;50;
531;СвалкапоППРФ№542;16.10.2023;76.0093;61.14452;Промышленные;800;
376;СвалкапоППРФ№542;06.09.2010;67.8331680297851;61.6331672668457;Бытовые;1500;
632;Захламление;13.09.2023;64.8216934204101;60.1253318786621;Промышленные;10;
437;Захламление;05.09.2023;64.7265014648437;60.1365013122558;Строительные;0,1;
564;;14.05.2024;73.427447;61.259246;Бытовые;0;
778;Захламление;28.05.2024;65.926025390625;59.5802764892578;Строительные;2;
;;;;;;;
;;;;;;;
;;;;;;;
